sk_paciente,cpf,nome_completo,email
1,01234567890,Maria Silva Santos,maria.silva@email.com
2,12345678901,João Pedro Oliveira,joao.pedro@email.com
3,2345678901,Ana Carolina Costa,ana.costaemailcom
4,34567890123,Carlos Eduardo Lima,carlos.lima@email.com
5,45678901234, Fernanda Souza Alves ,fernanda.souza@email.com
6,,Ricardo Mendes Rocha,ricardo.mendes@email.com
7,67890123456,Juliana Ferreira Dias,juliana.ferreira@
8,78901234567,PAULO ROBERTO SANTOS,paulo.santos@email.com
9,89012345678,Camila Rodrigues Martins,
10,90123456789,Rafael Barbosa Carvalho,rafael.barbosa@email.com
11,01234567890,Maria Silva Santos,MARIA.SILVA@EMAIL.COM
12,23456789012,Beatriz Gomes Pereira,beatriz.gomes@email.com
13,34567890,Thiago Martins Costa,thiago.martins@email.com
14,45678901234,Larissa Fernandes Lima,larissa.fernandes@email.com
15,56789012345,Gabriel Santos Rocha,gabriel.santos email.com
16,67890123456,Carolina Oliveira Dias,carolina.oliveira@email.com
17,78901234567,Lucas Alves Mendes,lucas.alves@email.com
18,89012345678,Amanda Costa Silva,@email.com
19,,Rodrigo Lima Pereira,rodrigo.lima@email.com
20,12345678901,Isabela Rocha Santos,isabela.rocha@email.com
21,23456789012,Felipe Dias Oliveira,FELIPE.DIAS@EMAIL.COM
22,34567890123,Mariana Santos Costa,mariana.santos@email.com
23,45678901234,Pedro Henrique Lima,pedro.henrique@
24,56789012345,Júlia Fernandes Rocha,julia.fernandes@email.com
25,6789012345,Matheus Oliveira Silva,matheus.oliveira@email.com
26,78901234567,Letícia Mendes Dias,leticia.mendesemailcom
27,89012345678,Bruno Costa Santos,bruno.costa@email.com
28,90123456789,Camila Lima Pereira,camila.lima@email.com
29,01234567890,Daniel Rocha Oliveira,daniel.rocha@email.com
30,,Fernanda Silva Costa,fernanda.silva@email.com
31,23456789012,Guilherme Dias Lima,GUILHERME.DIAS@EMAIL.COM
32,345678901,Bianca Santos Rocha,bianca.santos@email.com
33,45678901234,Vinicius Oliveira Mendes,vinicius.oliveira@email.com
34,56789012345,Natália Costa Silva,natalia.costa@
35,67890123456,Henrique Lima Santos,henrique.lima@email.com
36,78901234567, Leonardo Rocha Dias ,leonardo.rocha@email.com
37,89012345678,Giovanna Silva Pereira,giovanna.silva@email.com
38,90123456789,Arthur Mendes Costa,arthur mendes@email.com
39,,Sophia Oliveira Lima,sophia.oliveira@email.com
40,12345678901,Miguel Santos Rocha,miguel.santos@email.com
41,23456789012,Helena Dias Silva,helena.dias@EMAIL.COM
42,34567890123,Davi Costa Oliveira,davi.costa@email.com
43,4567890123,Alice Lima Mendes,alice.lima@email.com
44,56789012345,Lorenzo Rocha Santos,lorenzo.rocha@
45,67890123456,Valentina Silva Dias,valentina.silva@email.com
46,78901234567,Theo Oliveira Costa,theo.oliveira@email.com
47,89012345678,Manuela Mendes Lima,manuela.mendesemailcom
48,,Heitor Santos Rocha,heitor.santos@email.com
49,12345678901,Laura Dias Oliveira,laura.dias@email.com
50,23456789012,Enzo Costa Silva,ENZO.COSTA@EMAIL.COM
51,3456789012,Isabella Lima Santos,isabella.lima@email.com
52,45678901234,Bernardo Rocha Mendes,bernardo.rocha@email.com
53,56789012345,Luiza Silva Costa,luiza.silva@
54,67890123456,Pietro Oliveira Dias,pietro.oliveira@email.com
55,78901234567,Sophia Mendes Santos,sophia.mendes@email.com
56,89012345678,Gael Costa Rocha,gael costa@email.com
57,90123456789,Antonella Lima Silva,antonella.lima@email.com
58,,Samuel Santos Oliveira,samuel.santos@email.com
59,23456789012,Maitê Dias Costa,maite.dias@email.com
60,34567890123,Benjamin Rocha Lima,benjamin.rocha@EMAIL.COM
61,45678901234,Cecília Silva Santos,cecilia.silva@email.com
62,567890123,Anthony Oliveira Mendes,anthony.oliveira@email.com
63,67890123456,Lara Costa Dias,lara.costa@email.com
64,78901234567,Noah Lima Rocha,noah.lima@
65,89012345678,Maria Eduarda Santos Silva,maria.eduarda@email.com
66,90123456789, Nicolas Mendes Costa ,nicolas.mendes@email.com
67,01234567890,Mariana Oliveira Lima,mariana.oliveira@email.com
68,12345678901,Joaquim Rocha Dias,joaquim rocha@email.com
69,,Liz Silva Santos,liz.silva@email.com
70,34567890123,Enrico Costa Oliveira,enrico.costa@email.com
71,45678901234,Melissa Lima Mendes,MELISSA.LIMA@EMAIL.COM
72,5678901234,Caio Santos Rocha,caio.santos@email.com
73,67890123456,Aurora Dias Silva,aurora.dias@email.com
74,78901234567,Lucca Oliveira Costa,lucca.oliveira@
75,89012345678,Marina Mendes Lima,marina.mendesemailcom
76,90123456789,Theo Costa Santos,theo.costa@email.com
77,,Elisa Lima Rocha,elisa.lima@email.com
78,23456789012,Yuri Silva Dias,yuri.silva@email.com
79,34567890123,Gabriela Santos Oliveira,GABRIELA.SANTOS@EMAIL.COM
80,456789012,Ravi Rocha Costa,ravi.rocha@email.com
81,56789012345,Pietra Lima Silva,pietra.lima@email.com
82,67890123456,Cauã Oliveira Santos,caua.oliveira@
83,78901234567,Yasmin Mendes Dias,yasmin.mendes@email.com
84,89012345678,Levi Costa Rocha,levi costa@email.com
85,,Esther Silva Lima,esther.silva@email.com
86,12345678901,Isaac Santos Oliveira,isaac.santos@email.com
87,23456789012,Alícia Dias Costa,alicia.dias@EMAIL.COM
88,3456789012,Benício Rocha Silva,benicio.rocha@email.com
89,45678901234,Emanuelly Lima Santos,emanuelly.lima@email.com
90,56789012345,Rael Oliveira Mendes,rael.oliveira@
91,67890123456,Catarina Costa Dias,catarina.costa@email.com
92,78901234567, Bento Silva Rocha ,bento.silva@email.com
93,89012345678,Ana Júlia Santos Lima,ana.julia@email.com
94,90123456789,Emanuel Mendes Costa,emanuel mendes@email.com
95,,Mirella Oliveira Silva,mirella.oliveira@email.com
96,23456789012,Bryan Rocha Santos,bryan.rocha@email.com
97,34567890123,Sarah Lima Dias,SARAH.LIMA@EMAIL.COM
98,45678901,Oliver Costa Oliveira,oliver.costa@email.com
99,56789012345,Maya Silva Mendes,maya.silva@email.com
100,67890123456,Thomas Santos Rocha,thomas.santos@